photo_matched_name,timestamp
e20200484.jpg,2025-01-22 22:12:48
e20200018.jpg,2025-01-22 22:13:17
Davin.JPG,2025-01-22 22:13:31
e20200008.jpg,2025-01-22 22:14:37
e20200671.jpg,2025-01-22 22:16:14
e20200484.jpg,2025-01-22 22:17:11
e20200671,2025-01-23 12:25:14
e20200672,2025-01-23 12:26:27
e20200790,2025-01-23 21:47:13
e20200008,2025-01-23 21:49:13
e20200790,2025-01-23 21:49:14
e20200008,2025-01-23 21:49:15
e20200008,2025-01-23 21:49:16
e20200790,2025-01-23 21:49:23
e20200790,2025-01-23 21:49:44
e20200790,2025-01-23 21:49:46
e20200790,2025-01-23 21:50:04
e20200790,2025-01-23 21:50:10
e20200008,2025-01-23 21:50:10
e20200008,2025-01-23 21:50:11
e20201056,2025-01-23 21:50:11
e20200008,2025-01-23 21:50:12
e20200790,2025-01-23 21:50:13
e20200008,2025-01-23 21:50:14
e20200008,2025-01-23 21:50:17
e20200008,2025-01-23 21:50:18
e20200008,2025-01-23 21:50:19
e20200790,2025-01-23 21:50:23
e20200008,2025-01-23 21:50:39
e20200008,2025-01-23 21:50:39
e20200008,2025-01-23 21:50:39
e20200008,2025-01-23 21:50:40
e20200008,2025-01-23 21:50:40
e20200008,2025-01-23 21:50:42
e20200008,2025-01-23 21:50:43
e20200159,2025-01-23 21:50:50
e20201250,2025-01-23 21:50:51
e20200768,2025-01-23 21:50:58
e20200790,2025-01-23 21:51:07
e20200790,2025-01-23 21:51:07
e20200790,2025-01-23 21:51:08
e20200790,2025-01-23 21:51:08
e20200790,2025-01-23 21:51:08
e20200810,2025-01-23 21:51:36
e20200790,2025-01-23 21:55:46
e20200008,2025-01-23 21:55:48
e20200008,2025-01-23 21:55:49
e20200008,2025-01-23 21:55:50
e20200008,2025-01-23 21:55:52
e20200008,2025-01-23 21:55:52
e20200790,2025-01-23 21:55:53
e20200790,2025-01-23 21:56:03
e20200790,2025-01-23 21:56:05
e20200790,2025-01-23 21:56:06
e20200008,2025-01-23 21:56:19
e20200008,2025-01-23 21:56:21
e20200008,2025-01-23 21:56:21
e20200008,2025-01-23 21:56:22
e20200790,2025-01-23 21:56:25
e20200790,2025-01-23 21:56:25
e20200008,2025-01-23 21:58:28
e20200790,2025-01-23 21:58:57
e20200790,2025-01-23 21:58:58
e20200790,2025-01-23 21:59:00
e20200790,2025-01-23 21:59:01
e20200790,2025-01-23 21:59:03
